"25710";"Производство столовых приборов"
"25720";"Производство замков, петель и соединений"
"46460";"Оптовая торговля фармацевтическими товарами"
"46470";"Оптовая торговля мебелью, коврами и световым оборудованием"
"46480";"Оптовая торговля часами и ювелирными изделиями"
"46491";"Оптовая торговля спортивными товарами"
"46492";"Оптовая торговля канцелярскими товарами, книгами, журналами, газетами и т.п."
"46499";"Оптовая торговля прочими бытовыми товарами, не включенными в другие группировки"
"46510";"Оптовая торговля компьютерами, компьютерной периферией и программным обеспечением"
"46521";"Оптовая торговля электронными деталями"
"46522";"Оптовая торговля телекоммуникационным оборудованием и комплектующими"
"46610";"Оптовая торговля сельскохозяйственной техникой, оборудованием и имуществом"
"46620";"Оптовая торговля станками"
"25730";"Инструментальное производство"
"46630";"Оптовая торговля горнодобывающим, строительным и инженерным оборудованием"
"46640";"Оптовая торговля машинами и оборудованием для текстильной промышленности и швейно-вязальными машинами"
"46650";"Оптовая торговля офисной мебелью"
"46660";"Оптовая торговля оргтехникой и оборудованием"
"29320";"Производство прочих деталей и принадлежностей для автотранспортных средств"
"30110";"Строительство судов и плавучих сооружений"
"30120";"Строительство прогулочных и спортивных катеров"
"30200";"Производство железнодорожных локомотивов и подвижного состава"
"30300";"Производство аэрокосмического и связанного с ним оборудования"
"30400";"Производство боевых машин военного назначения"
"30910";"Производство мотоциклов"
"30920";"Производство велосипедов и инвалидных колясок"
"30990";"Производство прочих транспортных средств и оборудования, не включенных в другие группировки"
"31010";"Производство мебели для учреждений и магазинов"
"31020";"Производство кухонной мебели"
"31030";"Производство матрасов"
"31090";"Производство прочей мебели"
"32110";"Разрезание монет"
"32120";"Производство ювелирных изделий и сопутствующих товаров"
"32130";"Производство искусственных украшений и сопутствующих товаров"
"32200";"Производство музыкальных инструментов"
"32300";"Производство спортивных товаров"
"32400";"Производство игр и игрушек"
"32500";"Производство медицинских и стоматологических инструментов и изделий"
"32910";"Производство метел и щеток"
"32990";"Производство прочих товаров, не включенных в другие группировки"
"27510";"Производство бытовых электроприборов"
"27520";"Производство неэлектрических бытовых приборов"
"27900";"Производство прочего электрооборудования"
"28110";"Производство двигателей и турбин, кроме авиационных, автомобильных и мотоциклетных двигателей"
"28120";"Производство гидравлического и пневматического оборудования"
"28130";"Производство насосов и компрессоров прочих"
"28140";"Производство кранов и клапанов прочих"
"28150";"Производство подшипников, шестерен, зубчатых колес и элементов привода"
"28210";"Производство печей и печных горелок"
"28220";"Производство краново-транспортной, погрузочно-разгрузочной и складской техники"
"28230";"Производство офисных машин и оборудования (кроме компьютеров и периферийных устройств)"
"28240";"Производство ручных механизированных инструментов"
"28250";"Производство небытового холодильного и вентиляционного оборудования"
"33110";"Ремонт готовых металлических изделий"
"33120";"Ремонт машин и оборудования"
"33130";"Ремонт электронного и оптического оборудования"
"33140";"Ремонт электрооборудования"
"33150";"Ремонт и техническое обслуживание кораблей и катеров"
"33160";"Ремонт и техническое обслуживание самолетов и космических аппаратов"
"33170";"Ремонт и техническое обслуживание других транспортных средств"
"33190";"Ремонт других устройств"
"33200";"Монтаж промышленного оборудования и приборов"
"35111";"Производство электроэнергии тепловыми электростанциями"
"35112";"Производство электроэнергии гидроэлектростанциями"
"35113";"Производство электроэнергии прочими электростанциями, в том числе атомными, газотурбинными, дизельными и возобновляемыми источниками энергии"
"27120";"Производство электрораспределительного и контрольно-измерительного оборудования"
"27200";"Производство батарей и аккумуляторов"
"27310";"Производство волоконно-оптических кабелей"
"27320";"Производство прочих электронных и электрических проводов и кабелей"
"27330";"Производство сетевых инструментов"
"27400";"Производство электротехнического оборудования"
"23910";"Производство абразивных изделий"
"23990";"Производство прочих неметаллических минеральных продуктов, не включенных в другие группировки"
"24100";"Производство чугуна, стали и ферросплавов"
"24200";"Производство стальных труб, труб, полых профилей и аналогичных фитингов"
"24310";"Холодное вздутие стержней"
"24320";"Холодная прокатка узких полос"
"24330";"Холодная штамповка или штамповка"
"24340";"Холодная сварка проводов"
"24410";"Производство драгоценных металлов"
"24420";"Производство алюминия"
"24430";"Производство свинца, цинка и олова"
"24440";"Медное производство"
"24450";"Производство прочих цветных металлов"
"24460";"Утилизация ядерного отопления"
"24510";"чугун"
"24520";"Стальное литье"
"24530";"Литье легких металлов"
"24540";"Литье прочих цветных металлов"
"25110";"Изготовление металлических строительных конструкций и деталей"
"25120";"Производство металлических дверей и окон"
"25210";"Производство радиаторов и котлов центрального отопления"
"25290";"Производство цистерн, резервуаров и емкостей металлических прочих"
"25300";"Производство паровых котлов, кроме водогрейных котлов центрального отопления"
"25400";"Производство оружия и боеприпасов"
"25500";"Штамповка, прессование, штамповка и прокатка металлов; порошковая металлургия"
"25610";"Обработка металлов и нанесение покрытий"
"23690";"Производство прочих изделий из бетона, гипса и цемента"
"23700";"Резка, обработка и отделка камня"
"25620";"Основные технологические процессы машиностроения"
"28290";"Производство прочих транспортных средств общего назначения, не включенных в другие группировки"
"28300";"Производство сельскохозяйственной и лесохозяйственной техники"
"28410";"Производство металлообрабатывающего оборудования"
"28490";"Производство прочих станков"
"28910";"Производство машин и оборудования для металлургии"
"28920";"Производство машин и оборудования для добычи полезных ископаемых, разработки карьеров и строительства"
"28930";"Производство машин и оборудования для производства пищевых продуктов, напитков, табака и табачных изделий"
"28940";"Производство машин и оборудования для производства текстиля, одежды и кожгалантереи"
"28950";"Производство машин и оборудования для производства бумаги и картона"
"28960";"Производство машин и оборудования для обработки пластмасс и резины"
"28990";"Производство прочих транспортных средств специального назначения, не включенных в другие группировки"
"29100";"Автомобилестроение"
"29200";"Производство кузовов автомобилей; производство прицепов и полуприцепов"
"29310";"Производство электрических и электронных устройств для автомобилей"
"46690";"Оптовая торговля прочими машинами и оборудованием"
"46711";"Оптовая продажа масла"
"46712";"Оптовая торговля природным газом"
"46713";"Уголь оптом"
"46714";"Оптовая продажа бензина"
"46719";"Оптовая торговля прочим отоплением"
"46720";"Оптовая торговля металлами и металлическими рудами"
"46731";"Оптовая торговля лесоматериалами"
"46732";"Оптовая торговля строительными материалами"
"46733";"Оптовая продажа сантехнического оборудования"
"46740";"Оптовая торговля скобяными изделиями, сантехническим и отопительным оборудованием и инвентарем"
"46751";"Оптовая торговля минеральными удобрениями и агрохимической продукцией"
"46759";"Оптовая торговля прочими химическими продуктами"
"46760";"Оптовая торговля прочими промежуточными продуктами"
"46771";"Оптовая торговля ломом и отходами черных и цветных металлов"
"46779";"Оптовая торговля нерудными отходами"
"46900";"Неспециализированная оптовая торговля"
"47110";"Розничная торговля в неспециализированных магазинах преимущественно пищевыми продуктами, напитками или табачными изделиями"
"47190";"Прочая розничная торговля в неспециализированных магазинах"
"47210";"Розничная торговля фруктами и овощами в специализированных магазинах"
"47220";"Розничная торговля мясом и мясопродуктами в специализированных магазинах"
"47230";"Розничная торговля рыбой, ракообразными и моллюсками в специализированных магазинах"
"47240";"Розничная торговля хлебом, тортами, мучными и сахаристыми кондитерскими изделиями в специализированных магазинах"
"46715";"Оптовая продажа дизельного отопления"
"47250";"Розничная торговля напитками в специализированных магазинах"
"47260";"Розничная торговля табачными изделиями в специализированных магазинах"
"47290";"Розничная торговля прочими продовольственными товарами в специализированных магазинах"
"47301";"Розничная торговля бензином в специализированных магазинах"
"47302";"Розничная торговля дизельным отоплением в специализированных магазинах"
"47303";"Розничная торговля автомобильными газовыми обогревателями в специализированных магазинах"
"47309";"Розничная торговля смазочными материалами, охлаждающими средствами и прочим автомобильным обогревом в специализированных магазинах"
"47410";"Розничная торговля компьютерами, периферийными устройствами и программным обеспечением в специализированных магазинах"
"47420";"Розничная торговля телекоммуникационным оборудованием в специализированных магазинах"
"47430";"Розничная торговля аудио- и видеотехникой в ​​специализированных магазинах"
"47510";"Розничная торговля текстилем в специализированных магазинах"
"47520";"Розничная торговля скобяными изделиями, красками и стеклом в специализированных магазинах"
"47530";"Розничная торговля коврами, ковриками, настенными и напольными покрытиями в специализированных магазинах"
"47540";"Розничная торговля бытовыми электроприборами в специализированных магазинах"
"47591";"Розничная торговля бытовой мебелью"
"47592";"Розничная торговля посудой, фаянсовыми, фарфоровыми и кухонными принадлежностями"
"47593";"Розничная торговля неэлектрическими бытовыми приборами и оборудованием"
"47594";"Розничная торговля музыкальными инструментами и партитурами"
"47599";"Розничная торговля товарамиИнструменты и оборудование бытовые, не включенные в другие группировки"
"47610";"Розничная торговля книгами в специализированных магазинах"
"47620";"Розничная торговля газетами, журналами и канцелярскими товарами в специализированных магазинах"
"47630";"Розничная торговля в магазинах музыкальных и видеозаписей"
"47640";"Розничная торговля спортивным инвентарем в специализированных магазинах"
"47650";"Розничная торговля играми и игрушками в специализированных магазинах"
"47710";"Розничная торговля одеждой в специализированных магазинах"
"47721";"Розничная торговля обувью"
"47722";"Розничная торговля кожгалантереей"
"47730";"Розничная торговля фармацевтическими товарами в специализированных магазинах"
"47740";"Розничная торговля медицинскими и ортопедическими товарами в специализированных магазинах"
"47750";"Розничная торговля косметическими и туалетными товарами в специализированных магазинах"
"47760";"Розничная торговля цветами, растениями, семенами, удобрениями, животными и кормами для животных в специализированных магазинах"
"47770";"Розничная торговля часами и ювелирными изделиями в специализированных магазинах"
"47780";"Розничная торговля прочими новыми товарами в специализированных магазинах"
"47791";"Розничная торговля антиквариатом"
"47792";"Розничная торговля подержанными книгами"
"47793";"Розничная аукционная деятельность"
"47794";"Розничная торговля прочими бывшими в употреблении товарами"
"47810";"Розничная торговля пищевыми продуктами, напитками и табачными изделиями в палатках и на рынках"
"47820";"Розничная торговля текстилем, одеждой и обувью в палатках и на рынках"
"47890";"Розничная торговля прочими товарами на прилавках и рынках"
"47911";"Розничная продажа по почте или через Интернет"
"47912";"Розничная торговля через Интернет-аукцион"
"47990";"Прочая розничная торговля, кроме магазинов, палаток и ярмарок"
"49100";"Железнодорожный пассажирский транспорт дальнего следования"
"49200";"Железнодорожный грузовой транспорт"
"25910";"Производство металлических бочек и аналогичных емкостей"
"25920";"Производство арматуры из легких металлов"
"25930";"Производство изделий из проволоки, цепей и пружин"
"25940";"Производство крепежных изделий и изделий токарно-винторезных станков"
"25990";"Производство прочих готовых металлических изделий, не включенных в другие группировки"
"26110";"Производство электронных компонентов"
"26120";"Изготовление плат электронных скачиваемых"
"26200";"Производство компьютеров и периферийных устройств"
"26300";"Производство оборудования связи"
"26400";"Производство бытовой электроники"
"26510";"Производство приборов и оборудования для измерений, испытаний и навигации"
"26520";"Производство часов"
"26600";"Производство радиационных, электромедицинских и электротерапевтических устройств"
"26700";"Производство оптических приборов и фототехники"
"26800";"Производство магнитных и оптических носителей"
"27110";"Производство электродвигателей, генераторов и трансформаторов"
"46150";"Деятельность агентов по продаже мебели, хозяйственных товаров, скобяных изделий и прочих мелких изделий из железа"
"46160";"Деятельность агентов по торговле текстилем, одеждой, мехом, обувью и кожей"
"46170";"Деятельность агентов по реализации пищевых продуктов, напитков и табачных изделий"
"46180";"Продажа других отдельных товаров через специализированных агентов"
"46190";"Деятельность агентов по реализации широкого ассортимента товаров"
"46210";"Оптовая торговля зерном, табачным сырьем, семенами и кормами для животных"
"20590";"Производство прочих химических продуктов, не включенных в другие группировки"
"46440";"Оптовая торговля фарфоровой, стеклянной посудой и моющими средствами"
"46450";"Оптовая торговля парфюмерно-косметическими товарами"
"21100";"Производство основных фармацевтических продуктов"
"21200";"Производство фармацевтических препаратов"
"22110";"Производство резиновых покрышек и камер; восстановление и капитальный ремонт резиновых покрышек"
"22190";"Производство прочих резинотехнических изделий"
"22210";"Производство пластиковых плит, листов, труб и профилей"
"22220";"Производство пластиковой тары"
"22230";"Производство строительных пластмассовых изделий"
"22290";"Производство прочих пластмассовых изделий"
"23110";"Производство листового стекла"
"23120";"Формование и обработка листового стекла"
"23130";"Производство полого стекла"
"23140";"Производство стеклопластика"
"23190";"Производство и обработка прочих изделий из стекла, в том числе изделий из технического стекла"
"23200";"Производство огнеупорных изделий"
"23310";"Производство керамических покрытий и плитки"
"23320";"Производство кирпича, черепицы и других строительных изделий из обожженной глины"
"23410";"Производство керамических бытовых и декоративных изделий"
"70220";"Прочая консультационная деятельность в сфере бизнеса и управления"
"71110";"Архитектурная деятельность"
"71120";"Инженерная деятельность и связанное с ней техническое консультирование"
"71200";"Технические испытания и анализы"
"72110";"Исследования и экспериментальные методы лечения в области биотехнологии"
"72190";"Прочие научно-исследовательские и экспериментальные работы в области естественных и технических наук"
"72200";"Научно-исследовательские и экспериментальные работы в области социальных и гуманитарных наук"
"73110";"Деятельность рекламных агентств"
"73120";"Представительство в СМИ"
"74100";"Специализированная проектная деятельность"
"74200";"Фотодеятельность"
"74300";"Переводческая (письменная и устная) деятельность"
"74900";"Прочая профессиональная, научная и техническая деятельность, не включенная в другие группировки"
"75000";"Ветеринарная деятельность"
"77110";"Аренда и лизинг автомобилей и легковых автомобилей"
"77120";"Аренда и лизинг грузовых автомобилей"
"77210";"Аренда и лизинг товаров для отдыха и спорта"
"77220";"Аренда видеомагнитофонов и видеодисков"
"77290";"Аренда и лизинг прочих предметов личного пользования и домашнего обихода"
"77310";"Аренда и лизинг сельскохозяйственных машин и оборудования"
"77320";"Аренда и лизинг строительных и общестроительных машин и оборудования"
"77330";"Аренда и лизинг оргтехники и устройств (включая компьютеры)"
"77340";"Аренда и лизинг водных транспортных средств"
"77350";"Аренда и лизинг воздушных транспортных средств"
"77390";"Аренда и лизинг прочих машин, оборудования и материальных средств, не включенных в другие группировки"
"77400";"Аренда объектов интеллектуальной собственности и аналогичных продуктов, кроме продуктов, защищенных авторским правом"
"73200";"Исследование рынка и изучение общественного мнения"
"78100";"Деятельность агентств занятости"
"78200";"Деятельность агентств временного трудоустройства"
"78300";"Предоставление прочих человеческих ресурсов"
"79110";"Деятельность туристических агентств"
"79120";"Деятельность туроператоров"
"79900";"Прочие услуги по бронированию и связанная с ними деятельность"
"80100";"Деятельность частных охранных служб"
"80200";"Деятельность по обслуживанию систем безопасности"
"80300";"розыскная деятельность"
"81100";"Комплексное обслуживание объектов"
"23420";"Производство санфаянса из керамики"
"23430";"Производство керамических изоляторов и изоляционной арматуры"
"23440";"Производство прочих технических керамических изделий"
"23490";"Производство прочих керамических изделий"
"23510";"Производство цемента"
"23520";"Производство извести и гипса"
"23610";"Производство железобетонных изделий строительного назначения"
"23620";"Производство гипсовых изделий строительного назначения"
"23631";"Производство бетона"
"23632";"Производство асфальтобетона"
"23640";"Производство смесей"
"23650";"Производство фиброцемента"
"20600";"Производство искусственного волокна"
"55900";"Другие средства размещения"
"56100";"Рестораны и мобильные предприятия общественного питания"
"56210";"Доставка еды на мероприятия"
"56290";"Другая деятельность общественного питания"
"56300";"Предоставление напитков"
"58110";"Издательство книг"
"58120";"Публикация справочников и списков рассылки"
"58130";"Издательство газет"
"58140";"Издание журналов и периодических изданий"
"58190";"Другие виды издательской деятельности"
"58210";"Издательство компьютерных игр"
"58290";"Другая версия ПО"
"59110";"Производство кино-, видео- и телепрограмм"
"59120";"Постпродакшн кино-, видео- и телепрограмм"
"59130";"Деятельность, связанная с распространением кинофильмов, видео- и телепрограмм"
"59140";"Показ фильмов"
"59200";"Издательская деятельность по звукозаписи и звукозаписи"
"60100";"Радиовещание"
"60200";"Деятельность по созданию телепередач и эфирному вещанию"
"61100";"Деятельность в области проводной связи"
"61200";"Деятельность в области беспроводной связи"
"61300";"Деятельность в области спутниковой связи"
"61900";"Прочая деятельность в области связи"
"62010";"Деятельность в области компьютерного программирования"
"62020";"Консультационная деятельность в области компьютерных технологий"
"62030";"Деятельность по управлению вычислительной техникой"
"62090";"Прочая деятельность в области информационных технологий и компьютерного обслуживания"
"63110";"Обработка данных, хранение и связанные с ними действия"
"63120";"веб-порталы"
"46220";"Оптовая торговля цветами и другими растениями"
"46230";"Оптовая торговля живыми животными"
"46240";"Оптовая торговля кожей и мехом"
"46310";"Оптовая торговля фруктами и овощами"
"46320";"Оптовая торговля мясом и мясопродуктами"
"46330";"Оптовая торговля молочными продуктами, яйцами и пищевыми маслами и жирами"
"46341";"Оптовая торговля алкогольными напитками"
"46342";"Оптовая торговля безалкогольными напитками"
"46350";"Оптовая торговля табачными изделиями"
"46361";"Оптовая торговля сахаром"
"46362";"Оптовая торговля шоколадом и кондитерскими изделиями из сахара"
"46363";"Оптовая торговля хлебом и хлебобулочными изделиями"
"46370";"Оптовая торговля кофе, чаем, какао и специями"
"46381";"Оптовая торговля рыбой, ракообразными и моллюсками"
"46382";"Оптовая торговля мукой и крупами"
"46383";"Оптовая торговля прочими продуктами питания"
"46390";"Неспециализированная оптовая торговля продуктами питания, напитками и табачными изделиями"
"46410";"Текстиль оптовая"
"46421";"оптовая торговля одеждой"
"46422";"Обувь оптовая"
"46423";"Оптовая торговля аксессуарами для одежды"
"46431";"Оптовая торговля бытовыми электроприборами и оборудованием"
"46432";"Оптовая торговля радио-, теле- и видеоаппаратурой"
"46433";"Оптовая торговля предварительно записанными аудио- и видеокассетами, компакт-дисками (CD), цифровыми видеодисками (DVD)"
"46434";"Оптовая торговля фототоварами и оптикой"
"35142";"Деятельность посредников и агентов, связанная с продажей электроэнергии через системы распределения электроэнергии, эксплуатируемые другими лицами"
"35143";"Эксплуатация линий электропередач и линий электропередач в обмен на электроэнергию"
"35210";"Добыча газа"
"35231";"Реализация газа потребителям по трубопроводам"
"35232";"Деятельность посредников и агентов по реализации газа через газораспределительные системы, эксплуатируемые другими лицами"
"35233";"Потребление и транспортировка газового отопления вместо газового отопления"
"35300";"Подача пара и кондиционированного воздуха"
"36000";"Сбор, очистка и распределение воды"
"37000";"Сточные воды"
"38110";"Сбор неопасных отходов"
"38120";"Сбор опасных отходов"
"38210";"Обработка и утилизация неопасных отходов"
"38220";"Обработка и утилизация опасных отходов"
"38310";"Разборка мусора"
"38320";"Использование рассортированных материалов"
"39000";"Услуги по обезвреживанию и обращению с отходами"
"35220";"Разводка газового отопления по трубопроводам"
"41100";"Разработка проектов строительства"
"41200";"Строительство жилых и нежилых зданий"
"42110";"Строительство дорог и автомагистралей"
"42120";"Строительство надземных и подземных железных дорог"
"42210";"Строительство распределительных инженерных сооружений"
"42220";"Строительство распределительных объектов для обеспечения электроэнергией и телекоммуникациями"
"42910";"Строительство объектов водного хозяйства"
"42990";"Строительство прочих инженерных сооружений в другие группировки не включается"
"43110";"Снос и приобретение зданий"
"43120";"Подготовительные работы на строительной площадке"
"43130";"Разведывательное бурение"
"43210";"Электромонтажные работы"
"43220";"Монтаж систем сантехники, отопления и кондиционирования"
"43290";"Прочие строительно-монтажные работы"
"43310";"Штукатурные работы"
"43320";"Строительные и плотницкие работы"
"43330";"Укладка полов и отделка стен"
"43341";"Стекольный завод"
"43342";"малярные работы"
"43390";"Другие работы по мощению"
"43910";"Кровельные работы"
"43991";"Аренда строительных машин и оборудования с оператором"
"43999";"Работы строительные специализированные прочие, не включенные в другие группировки"
"45111";"Оптовая продажа новых и подержанных автомобилей"
"42130";"Строительство мостов и тоннелей"
"45112";"Розничная торговля новыми и подержанными автомобилями"
"45113";"Посредническая деятельность в сфере оптовой и розничной торговли автомобилями"
"45190";"Продажа прочих автотранспортных средств"
"45200";"Техническое обслуживание и ремонт автомобилей"
"45310";"Оптовая торговля автозапчастями и аксессуарами"
"45320";"Розничная торговля автомобильными деталями и принадлежностями"
"45400";"Продажа, техническое обслуживание и ремонт мотоциклов, их частей и принадлежностей"
"46110";"Деятельность агентов по торговле сельскохозяйственным сырьем, живыми животными, текстильным сырьем и полуфабрикатами"
"46120";"Деятельность агентов по торговле теплом, рудой, металлами и промышленными химикатами"
"46130";"Деятельность агентов по торговле лесом и строительными материалами"
"46140";"Деятельность агентов по торговле машинами и оборудованием, промышленным оборудованием, морскими и воздушными судами"
"63990";"Деятельность информационных услуг прочая, не включенная в другие группировки"
"64110";"Деятельность Центрального банка"
"64191";"Деятельность коммерческих банков"
"64199";"Другие виды денежного посредничества"
"64200";"Деятельность холдинговых компаний"
"64300";"Трасты, фонды и аналогичные финансовые организации"
"64910";"Финансовый лизинг"
"64920";"Прочие кредитные услуги"
"64990";"Прочая деятельность по оказанию финансовых услуг, кроме страхования и пенсионных фондов, не включенная в другие группировки"
"65110";"Страхование жизни"
"65120";"Другие виды страхования"
"65200";"Перестрахование"
"65300";"Деятельность пенсионных фондов"
"63910";"Деятельность информационных агентств"
"66110";"Администрация финансовых рынков"
"66120";"Брокерские услуги по ценным бумагам и товарным контрактам"
"66190";"Прочая вспомогательная деятельность финансовых услуг, кроме страховых и пенсионных фондов"
"66210";"Оценка рисков и убытков"
"66220";"Деятельность страховых агентов и брокеров"
"66290";"Прочая вспомогательная деятельность страховых и пенсионных фондов"
"66300";"Деятельность по управлению фондами"
"68101";"Купля-продажа жилых домов"
"68102";"Купля-продажа нежилых помещений"
"68103";"Купля-продажа земли"
"68201";"Аренда и управление отдельно стоящими или арендованными жилыми домами"
"68202";"Аренда и управление собственными или арендованными нежилыми зданиями"
"68203";"Аренда земельных участков"
"68209";"Аренда недвижимого имущества, находящегося в собственности или в аренде, и другая управленческая деятельность"
"68310";"Агентства недвижимости"
"68320";"Управление недвижимым имуществом за вознаграждение или на договорной основе"
"69101";"Нотариальная деятельность"
"69109";"Другая юридическая деятельность"
"69200";"Бухгалтерский учет, бухгалтерская и аудиторская деятельность; налоговое консультирование"
"70100";"деятельность головного офиса"
"70210";"Связи с общественностью и коммуникационная деятельность"
"35120";"Передача электроэнергии"
"35130";"Распределение электроэнергии"
"35141";"Реализация электроэнергии потребителям"
"95290";"Ремонт прочих предметов личного и домашнего обихода"
"96010";"Стирка и химчистка текстильных и меховых изделий"
"96020";"Парикмахерские и прочие услуги салонов красоты"
"96030";"Похороны и связанные с ними мероприятия"
"96040";"Здоровые занятия"
"96090";"Прочие виды персональных услуг, не включенные в другие группировки"
"92000";"Азартные игры"
"93110";"Деятельность спортивных сооружений"
"93120";"Деятельность спортивных клубов"
"93130";"Фитнес-центр"
"93190";"Другие виды спорта"
"93210";"Парки развлечений и аттракционы"
"93290";"Другие развлечения и досуг"
"94110";"Деятельность предпринимательских и общественных объединений работодателей"
"94120";"Деятельность профессиональных членских организаций"
"94200";"Деятельность профессиональных объединений"
"94910";"Деятельность религиозных организаций"
"94920";"Деятельность политических организаций"
"94990";"Деятельность других членских организаций, не входящих в другие группы"
"95110";"Ремонт компьютеров и периферийных устройств"
"95120";"Ремонт средств связи"
"95210";"Ремонт бытовой электроники"
"95220";"Ремонт бытовой техники, бытового и садового инвентаря"
"95230";"Ремонт обуви и кожгалантереи"
"95240";"Ремонт мебели и семейного имущества"
"95250";"Ремонт часов и ювелирных изделий"
"13920";"Производство готовых текстильных изделий, кроме одежды"
"13930";"Производство ковров и ковриков"
"13940";"Производство канатов, веревок и сетей"
"13950";"Производство нетканых материалов, кроме одежды"
"97000";"Деятельность домашних хозяйств как работодателей обслуживающего персонала"
"98100";"Деятельность по производству недифференцированных товаров для собственного потребления домашними хозяйствами"
"98200";"Недифференцированная деятельность по производству услуг для собственного потребления домашних хозяйств"
"99000";"Деятельность экстерриториальных организаций и органов (посольства, дипломатическая деятельность, в том числе работа в дипломатических организациях)"
"81210";"Генеральная уборка зданий"
"81220";"Прочие работы по уборке зданий и промышленных объектов"
"81290";"Прочие работы по уборке"
"81300";"Территориальное обслуживание"
"82110";"Комплексная офисно-административная деятельность"
"82190";"Ксерокопирование, подготовка документов и другие виды специализированной офисной поддержки"
"82300";"Организация конференций и выставок"
"82910";"Деятельность коллекторских агентств и кредитных бюро"
"82920";"Упаковочная деятельность"
"82990";"Прочая деятельность по поддержке бизнеса, не включенная в другие группировки"
"84111";"Исполнительное и законодательное управление центральных и местных органов власти"
"84112";"Управление и надзор за финансово-бюджетной деятельностью"
"84113";"Управление и функционирование служб общего экономического и социального планирования и статистики"
"84114";"Деятельность по поддержке государственного управления"
"84120";"Регулирование здравоохранения, образования, культурных услуг и других социальных услуг, кроме социального обеспечения"
"84130";"Содействие и регулирование эффективности бизнеса"
"84210";"Активный отдых"
"84220";"Оборонная деятельность"
"84230";"Деятельность органов юстиции и судов"
"82200";"Услуги телефонного центра"
"84240";"Общественный порядок и охранная деятельность"
"84250";"Деятельность противопожарной службы"
"84300";"Обязательные мероприятия социального обеспечения"
"85100";"Дошкольное и дошкольное образование"
"85200";"Начальное школьное образование"
"85310";"Общее основное и среднее образование"
"85320";"Профессиональное образование"
"85410";"Послесреднее невысшее образование"
"85420";"Высшее образование"
"85510";"Образование в сфере спорта и отдыха"
"85520";"Образование в сфере культуры"
"85530";"Деятельность школ по подготовке водителей транспортных средств"
"85590";"Прочие образования, не включенные в другие группировки"
"85600";"Поддержка образовательной деятельности"
"86100";"Больничная деятельность"
"86210";"Общая врачебная деятельность"
"86220";"Специализированная медицинская практика"я"
"86230";"Стоматологическая практика"
"86900";"Другая деятельность в области здравоохранения"
"87100";"Сестринский уход на дому"
"87200";"Интернатный режим для лиц с умственной отсталостью, психической и наркологической зависимостью"
"87300";"Интернатные мероприятия по уходу за престарелыми и инвалидами"
"87900";"Другая деятельность по уходу за домом"
"88100";"Деятельность социального обслуживания без предоставления жилья престарелым и инвалидам"
"88910";"Дневной уход за детьми"
"88990";"Прочая деятельность социальных служб без предоставления жилья, не включенная в другие группировки"
"90010", "Театральное искусство"
"90020";"Деятельность в поддержку исполнительского искусства"
"90030";"Художественное творчество"
"90040";"Работа учреждений искусства"
"91010";"Деятельность библиотек и архивов"
"91020";"Деятельность музеев"
"91030";"Эксплуатация исторических мест и зданий и подобных памятников культуры"
"91040";"Деятельность ботанических садов, зоопарков и заповедников"
"49310";"Городской и пригородный пассажирский наземный транспорт"
"49320";"Такси"
"49390";"Прочий пассажирский наземный транспорт, не включенный в другие группировки"
"49410";"Автомобильный автомобильный транспорт"
"49420";"Судоходные услуги"
"49500";"Транспортировка трубопроводным транспортом"
"50100";"Морской и каботажный пассажирский транспорт"
"50200";"Морской и каботажный грузовой транспорт"
"50300";"Внутренний водный пассажирский транспорт"
"50400";"Внутренний водный грузовой транспорт"
"51100";"Авиапассажирский транспорт"
"51210";"Грузовые авиаперевозки"
"51220";"Космический транспорт"
"52100";"Хранение и хранение"
"52210";"Услуги, связанные с наземным транспортом"
"52220";"Услуги, связанные с водным транспортом"
"52230";"Услуги, связанные с воздушным транспортом"
"52240";"Грузопогрузка-разгрузка"
"52290";"Другая транспортная поддержка"
"53100";"Почтовая деятельность с обязательством универсального обслуживания"
"53200";"Другие почтовые и курьерские услуги"
"55101";"Гостиницы и аналогичные средства размещения с ресторанами"
"55102";"Гостиницы и аналогичные средства размещения без ресторанов"
"55200";"Комнаты отдыха и другие объекты краткосрочного проживания"
"55300";"Кемпинги, стоянки для автофургонов и трейлерные стоянки"
"08112";"Добыча известняка, гипса, мела и сланца"
"08121";"Переработка гравийно-песчаных карьеров"
"08122";"Добыча глины и каолина"
"08910";"Добыча полезных ископаемых для производства химикатов и удобрений"
"08920";"Вывоз торфа"
"08930";"Обессоливание"
"08990";"Прочие отрасли горнодобывающей промышленности и разработки карьеров, не включенные в другие группировки"
"09100";"Услуги по сопровождению добычи нефти и природного газа"
"09900";"Вспомогательные услуги горнодобывающей промышленности и других областей добычи полезных ископаемых"
"10110";"Мясопереработка и консервирование"
"10120";"Переработка и консервирование мяса птицы"
"10130";"Производство мясных продуктов"
"10200";"Переработка и консервирование рыбы, ракообразных и моллюсков"
"10310";"Переработка и консервирование картофеля"
"10320";"Производство фруктовых и овощных соков"
"10390";"Прочие виды переработки и консервирования плодоовощной продукции"
"10410";"Производство масел и жиров"
"10420";"Производство маргарина и аналогичных пищевых жиров"
"14310";"Производство носков трикотажных и вязаных крючком"
"14390";"Производство прочей трикотажной одежды"
"10510";"Переработка молока и производство сыра"
"13200";"Текстильное производство"
"13300";"Текстильное оформление"
"13910";"Производство трикотажных и вязаных тканей"
"02200";"Обработка древесины"
"02300";"Сбор продуктов дикого леса (кроме древесины)"
"02400";"Вспомогательные услуги в лесном хозяйстве"
"03110";"Морская рыбалка"
"13960";"Производство прочих технических и промышленных текстильных изделий"
"13990";"Производство прочих текстильных изделий, не включенных в другие группировки"
"14110";"Производство одежды из кожи"
"14120";"Производство одежды"
"14130";"Производство прочей верхней одежды"
"14140";"Производство нижнего белья"
"14190";"Производство прочей одежды и аксессуаров"
"14200";"Производство меховых изделий"
"15110";"Обрезка и дубление кожи; дубление и крашение меха"
"15120";"Производство багажных сумок, дамских сумок и т.п., шорно-седельных изделий"
"15200";"Обувное производство"
"16100";"Распиловка и распиловка древесины"
"16210";"Производство шпона и деревянных панелей"
"16220";"Производство сборных напольных покрытий"
"16230";"Производство прочих строительных и столярных изделий, используемых в строительстве"
"16240";"Производство древесной смолы"
"16290";"Производство прочих изделий из дерева; производство изделий из пробки, соломки и плетеных материалов"
"17110";"Производство бумажной массы"
"17120";"Производство бумаги и картона"
"17210";"​​ Производство гофрированной бумаги и картона, бумажно-картонного гудрона"
"17220";"Производство бумажных изделий бытового и санитарно-гигиенического назначения"
"17230";"Производство канцелярских товаров Agaldi"
"17240";"Производство обоев"
"10831";"Обработка чая"
"10832";"Обработка кофе"
"10840";"Производство специй и приправ"
"10850";"Производство полуфабрикатов и блюд"
"10860";"Производство гомогенизированных полуфабрикатов и продуктов диетического питания"
"10890";"Производство прочих пищевых продуктов, не включенных в другие группировки"
"10910";"Производство готовых кормов для сельскохозяйственных животных"
"10920";"Производство готовых кормов для домашних животных"
"11010";"Дистилляция, ректификация и купажирование спиртов"
"11020";"Производство вин из винограда"
"11030";"Производство сидра и других фруктовых вин"
"11040";"Производство прочих недистиллированных сброженных напитков"
"11050";"Производство пива"
"11060";"Производство солода"
"11071";"Производство минеральной воды"
"11072";"Производство безалкогольных ароматизированных и/или подслащенных напитков, таких как лимонад, морсы, кола, апельсинад, тонизирующие средства и мист"
"11073";"Производство пресной питьевой воды"
"12000";"Производство табачных изделий"
"13100";"Подготовка и сращивание текстильного волокна"
"10520";"Производство мороженого"
"10611";"Производство муки"
"10619";"Производство прочих зерновых продуктов"
"01119";"Выращивание прочих зерновых (кроме риса), бобовых и масличных культур"
"01120";"Выращивание риса"
"01130";"Выращивание овощей и садовых овощей, корнеплодов и клубнеплодов"
"01140";"Выращивание сахарного тростника"
"01150";"Выращивание табака"
"01160";"Выращивание волокнистых культур"
"01190";"Выращивание прочих однолетних культур"
"01210";"Выращивание винограда"
"01220";"Выращивание тропических и субтропических фруктов"
"01230";"выращивание цитрусовых"
"01240";"Выращивание семенных и косточковых культур"
"01250";"Выращивание прочих фруктов, ягод и орехов"
"01260";"Выращивание масличных культур"
"01270";"Выращивание культур для производства напитков"
"01280";"Выращивание пряных, ароматических, наркотических и лекарственных культур"
"01111";"Выращивание пшеницы"
"01112";"Выращивание кукурузы"
"01113";"Выращивание подсолнуха"
"01290";"Выращивание прочих многолетних культур"
"01300";"Производство рассады и саженцев"
"01410";"разведение молочного скота"
"01420";"Разведение прочих пород крупного рогатого скота и буйволов"
"01430";"Разведение лошадей и других пород лошадей"
"01440";"Разведение верблюдов и верблюдов"
"01450";"Овцеводство и козоводство"
"01460";"Разведение свиней и поросят"
"01471";"Производство яиц"
"01472";"Разведение кур"
"01479";"Другие виды птицы"
"01491";"Пчеловодство"
"01499";"Разведение прочих животных, не включенных в другие группировки"
"01500";"Смешанное сельское хозяйство"
"01610";"Виды вспомогательной деятельности в области выращивания сельскохозяйственных культур"
"01620";"Виды вспомогательной деятельности по животноводству"
"01630";"Сельскохозяйственная деятельность после сбора урожая"
"01640";"Обработка и подготовка семян к размножению"
"01700";"Охота, охотничьи услуги и сопутствующие услуги"
"02100";"Лесное хозяйство и прочая лесохозяйственная и сельскохозяйственная деятельность"
"17290";"Производство прочих изделий из бумаги и картона"
"18110";"Газетная полиграфия"
"18120";"Другая полиграфическая деятельность"
"18130";"Услуги по подготовке к печати и распространению информации"
"18140";"Крепление и сопутствующие услуги"
"18200";"Воспроизведение медиа-записей"
"19100";"Производство коксохимической продукции"
"19200";"Производство нефтепродуктов"
"20110";"Производство технических газов"
"20120";"Производство красителей и пигментов"
"20130";"Производство прочих основных неорганических химических веществ"
"20140";"Производство прочих основных органических химических веществ"
"20151";"Производство минеральных удобрений"
"20152";"Производство соединений азота"
"20160";"Производство пластмасс в первичных формах"
"20170";"Производство синтетического каучука в первичных формах"
"20200";"Производство пестицидов и других агрохимических продуктов"
"20300";"Производство красок, лаков и аналогичных красящих веществ, типографских красок и мастик"
"20410";"Производство мыла и моющих, чистящих и полирующих средств"
"20420";"Производство парфюмерно-косметических принадлежностей"
"20510";"Производство взрывчатых веществ"
"20520";"Производство клея"
"20530";"Производство эфирных масел"
"10620";"Производство крахмалов и крахмалопродуктов"
"10711";"Производство хлеба"
"10712";"Производство кондитерских изделий длительного хранения"
"10720";"Производство печенья и сухих тортов; Производство мучных кондитерских изделий и тортов длительного хранения"
"10730";"Производство макаронных изделий, атриумов, кускуса и аналогичных хлебобулочных изделий"
"10810";"Производство сахара"
"10820";"Производство какао, шоколада и кондитерских изделий из сахара"
"03120";"Пресноводная рыбалка"
"03210";"Морская аквакультура"
"03220";"Пресноводная аквакультура"
"05100";"Добыча угля"
"05200";"Добыча бурого угля"
"06100";"Добыча сырой нефти"
"06200";"Добыча природного газа"
"07100";"Добыча железных руд"
"07210";"Добыча урановых и ториевых руд"
"07290";"Добыча руд прочих цветных металлов"
"08111";"Камень декоративный и строительный получать"